project,repo,vc,my_commits,my_last_commit,branches,in_register,source_url
Deployment,Automation,git,10,2019-07-19,master;users/ary-winata/Multi-Context-Automation,no,https://dev.azure.com/MAGIQSoftware/Deployment/_git/Automation
Documentation,Documentation,git,9,2021-01-13,master,no,https://dev.azure.com/MAGIQSoftware/Documentation/_git/Documentation
MagiqAuth,MagiqAuth,git,1,2022-08-22,develop;master,no,https://dev.azure.com/MAGIQSoftware/MagiqAuth/_git/MagiqAuth
Mobile,Mobile,git,29,2026-09-12,sso-mk2;sso-mk2-dependencies;sso-mk2-dependencies-restructure,no,https://dev.azure.com/MAGIQSoftware/Mobile/_git/Mobile
Mobile,MobileMaui,git,9,2024-02-16,feature/maui-app-accelerator;main,no,https://dev.azure.com/MAGIQSoftware/Mobile/_git/MobileMaui
Performance,LEGACY -DO NOT USE- Performance,git,2,2020-04-23,16482-permissions-year-dropdown-to-contain-next-year-on-releases-2.2.52;aurora/1.0.0;releases/2.2.0;releases/2.2.1;releases/2.2.10;releases/2.2.11;releases/2.2.12;releases/2.2.13;releases/2.2.14;releases/2.2.15 …,no,https://dev.azure.com/MAGIQSoftware/Performance/_git/LEGACY%20-DO%20NOT%20USE-%20Performance
Cloud Storage Gateway,Cloud Storage Gateway,git,7,2019-09-10,master,yes,https://dev.azure.com/MAGIQSoftware/Cloud%20Storage%20Gateway/_git/Cloud%20Storage%20Gateway
Conversion,Conversion,git,166,2026-09-12,Cloud/Infrastructure;Issues/StreakyBay;Master-Copy;Restructure/BuildOptions;develop;master,yes,https://dev.azure.com/MAGIQSoftware/Conversion/_git/Conversion
Conversion,DocumentsLoad,git,1,2020-03-05,master,yes,https://dev.azure.com/MAGIQSoftware/Conversion/_git/DocumentsLoad
Demo,Aptitude,git,10,2022-05-03,main,yes,https://dev.azure.com/MAGIQSoftware/Demo/_git/Aptitude
Demo,BlazorDemo,git,2,2023-07-02,main,yes,https://dev.azure.com/MAGIQSoftware/Demo/_git/BlazorDemo
Demo,Demo,git,18,2020-12-03,master;users/cramone/change,yes,https://dev.azure.com/MAGIQSoftware/Demo/_git/Demo
Documents,AdministrationToolkit,git,12,2021-12-18,master,yes,https://dev.azure.com/MAGIQSoftware/Documents/_git/AdministrationToolkit
Documents,Api,git,47,2026-09-12,BugFix/IRAuthenticationsrv-timeout;Features/ApiVersioning;Release/1.7.6;Releases/Release-1.51;Releases/Release-1.7.0;Releases/Release-1.7.3;feature/set-created-date;main,yes,https://dev.azure.com/MAGIQSoftware/Documents/_git/Api
Documents,Aws.Micro.Ocr,git,112,2026-09-12,Release/1.0;main,yes,https://dev.azure.com/MAGIQSoftware/Documents/_git/Aws.Micro.Ocr
Documents,Conversion-EMR,git,4,2024-02-13,Features/17696-Projects;main,yes,https://dev.azure.com/MAGIQSoftware/Documents/_git/Conversion-EMR
Documents,DeploymentTest,git,1,2023-08-17,main,yes,https://dev.azure.com/MAGIQSoftware/Documents/_git/DeploymentTest
Documents,DigitalSigning,git,16,2023-12-21,main,yes,https://dev.azure.com/MAGIQSoftware/Documents/_git/DigitalSigning
Documents,DocumentLifecycleCleaner,git,124,2026-09-17,feature/34875-optimization-scan;main,yes,https://dev.azure.com/MAGIQSoftware/Documents/_git/DocumentLifecycleCleaner
Documents,DocumentsApi-obsolete,git,31,2021-12-14,Features/SecuredSigning/Passthrough;develop;master;net5;netcore2.2;netcore3.0;release;swagger;swagger-chase,yes,https://dev.azure.com/MAGIQSoftware/Documents/_git/DocumentsApi-obsolete
Documents,DocumentsClient-obsolete,git,22,2020-09-09,master,yes,https://dev.azure.com/MAGIQSoftware/Documents/_git/DocumentsClient-obsolete
Documents,DocumentsExport,git,3,2024-01-28,main,yes,https://dev.azure.com/MAGIQSoftware/Documents/_git/DocumentsExport
Documents,DocumentsHelp,git,3,2020-03-09,master,yes,https://dev.azure.com/MAGIQSoftware/Documents/_git/DocumentsHelp
Documents,EmailConversion,git,14,2019-04-29,master,yes,https://dev.azure.com/MAGIQSoftware/Documents/_git/EmailConversion
Documents,Foundation,git,44,2023-12-23,Daniel/Refactoring/WeSign;Daniel/ViewersPlugin/ViewingEngineService;Features/Demo;Features/Epic/Version8.9;Features/NewFrontEnd;master;test,yes,https://dev.azure.com/MAGIQSoftware/Documents/_git/Foundation
Documents,IISIntegration,git,29,2026-04-15,Stage/1.0.6;master,yes,https://dev.azure.com/MAGIQSoftware/Documents/_git/IISIntegration
Documents,IXEasyForms,git,2,2026-09-12,main,yes,https://dev.azure.com/MAGIQSoftware/Documents/_git/IXEasyForms
Documents,IXReports,git,4,2026-06-11,main,yes,https://dev.azure.com/MAGIQSoftware/Documents/_git/IXReports
Documents,InfoRouterServices,git,7,2023-03-21,main,yes,https://dev.azure.com/MAGIQSoftware/Documents/_git/InfoRouterServices
Documents,InfoXpertLegacy,git,90,2026-09-11,Release/1.0.9;main,yes,https://dev.azure.com/MAGIQSoftware/Documents/_git/InfoXpertLegacy
Documents,MagiqCMS-Old,git,416,2026-09-11,2020-Q1;2020-Q1-Workbench;Bugs/040223-redundants;InTray/New;QA/Sprint-8.8.12;Release/8.9.0.2;develop;feature/isign;master,yes,https://dev.azure.com/MAGIQSoftware/Documents/_git/MagiqCMS-Old
Documents,OfficeAddins,git,2,2023-12-31,main,yes,https://dev.azure.com/MAGIQSoftware/Documents/_git/OfficeAddins
Documents,OfficeConnectors,git,42,2026-03-10,Feature/Net48UpdateOnly;Features/UpdateNet48;master,yes,https://dev.azure.com/MAGIQSoftware/Documents/_git/OfficeConnectors
Documents,TiffProcessing,git,3,2020-05-14,master,yes,https://dev.azure.com/MAGIQSoftware/Documents/_git/TiffProcessing
Documents,VERS,git,9,2020-06-30,master,yes,https://dev.azure.com/MAGIQSoftware/Documents/_git/VERS
Documents,documents-client-models,git,4,2023-12-23,main,yes,https://dev.azure.com/MAGIQSoftware/Documents/_git/documents-client-models
Extensions,Authentication,git,3,2020-06-05,develop;master,yes,https://dev.azure.com/MAGIQSoftware/Extensions/_git/Authentication
Extensions,CommandLineInterface,git,7,2019-09-02,master,yes,https://dev.azure.com/MAGIQSoftware/Extensions/_git/CommandLineInterface
Extensions,Commands,git,2,2019-05-11,master,yes,https://dev.azure.com/MAGIQSoftware/Extensions/_git/Commands
Extensions,DomainModeling,git,2,2019-05-23,master,yes,https://dev.azure.com/MAGIQSoftware/Extensions/_git/DomainModeling
Extensions,Extensibility,git,3,2019-11-15,master,yes,https://dev.azure.com/MAGIQSoftware/Extensions/_git/Extensibility
Extensions,FluentXml,git,9,2019-10-08,feature-nullable;master,yes,https://dev.azure.com/MAGIQSoftware/Extensions/_git/FluentXml
Extensions,Messaging,git,3,2026-09-12,master,yes,https://dev.azure.com/MAGIQSoftware/Extensions/_git/Messaging
Extensions,Middleware,git,13,2026-09-12,master,yes,https://dev.azure.com/MAGIQSoftware/Extensions/_git/Middleware
Extensions,Pagination,git,2,2019-05-11,master,yes,https://dev.azure.com/MAGIQSoftware/Extensions/_git/Pagination
Extensions,Specifications,git,5,2021-12-09,master,yes,https://dev.azure.com/MAGIQSoftware/Extensions/_git/Specifications
Licensing,Licensing,git,27,2019-04-29,master,yes,https://dev.azure.com/MAGIQSoftware/Licensing/_git/Licensing
MAGIQ PowerShell,Documents,git,55,2023-03-29,Features/command/Send-DocumentsTestEmail;Features/command/Set-DocumentsEmailSettings;Integration/Adjustements;Set-DocumentsLookupsDatabaseConnection;main,yes,https://dev.azure.com/MAGIQSoftware/MAGIQ%20PowerShell/_git/Documents
Magiq.NetPlatform,Magiq.NetPlatform,git,1,2023-04-09,main,yes,https://dev.azure.com/MAGIQSoftware/Magiq.NetPlatform/_git/Magiq.NetPlatform
Magiq.NetPlatform,aspnetcore,git,101,2024-09-14,main,yes,https://dev.azure.com/MAGIQSoftware/Magiq.NetPlatform/_git/aspnetcore
Magiq.NetPlatform,magiq-domain,git,6,2024-09-19,chase/feature/frontend;main,yes,https://dev.azure.com/MAGIQSoftware/Magiq.NetPlatform/_git/magiq-domain
Magiq.NetPlatform,magiq-tenants,git,41,2024-09-24,chase/features/accounts;feature/add-account;main,yes,https://dev.azure.com/MAGIQSoftware/Magiq.NetPlatform/_git/magiq-tenants
MagiqOffice,MagiqOffice,git,28,2022-10-25,develop;feature/update-readme-moved-to-github;main,yes,https://dev.azure.com/MAGIQSoftware/MagiqOffice/_git/MagiqOffice
MagiqSDK,MagiqSDK,git,40,2023-12-23,Feature/Add-GetMetadataDefinition;GetMetaDataDefinition;master;users/chase/upload_support,yes,https://dev.azure.com/MAGIQSoftware/MagiqSDK/_git/MagiqSDK
UIComponents,WPF,git,3,2019-05-30,master,yes,https://dev.azure.com/MAGIQSoftware/UIComponents/_git/WPF
