id,name,source,source_url,last_commit_date,last_commit_author,open_prs,has_pipelines,has_lfs,has_packages,visibility,owner,classification,disposition,migration_status,destination_url,notes
19,All Projects Overview,magiq-ado,https://dev.azure.com/MAGIQSoftware/All%20Projects%20Overview/_git/All%20Projects%20Overview,,,0,false,false,unknown,private,,stale,decommission,not-started,,project=All Projects Overview; Empty repo - nothing to migrate; needs Chase confirm
20,Cloud Storage Gateway,magiq-ado,https://dev.azure.com/MAGIQSoftware/Cloud%20Storage%20Gateway/_git/Cloud%20Storage%20Gateway,2019-09-10,Chase Ramone,0,false,false,unknown,private,,stale,hold,not-started,,project=Cloud Storage Gateway; 2.0MB; decom candidate (rule 1) once pipelines/deps known
21,Conversion,magiq-ado,https://dev.azure.com/MAGIQSoftware/Conversion/_git/Conversion,2022-07-05,Chase Ramone,0,false,false,unknown,private,,stale,hold,not-started,,project=Conversion; 31.7MB; decom candidate (rule 1) once pipelines/deps known
22,DocumentsLoad,magiq-ado,https://dev.azure.com/MAGIQSoftware/Conversion/_git/DocumentsLoad,2020-03-05,Chase Ramone,0,false,false,unknown,private,,stale,hold,not-started,,project=Conversion; 0.0MB; decom candidate (rule 1) once pipelines/deps known
23,Data Platform Overview,magiq-ado,https://dev.azure.com/MAGIQSoftware/Data%20Platform%20Overview/_git/Data%20Platform%20Overview,,,0,false,false,unknown,private,,stale,decommission,not-started,,project=Data Platform Overview; Empty repo - nothing to migrate; needs Chase confirm
24,Aptitude,magiq-ado,https://dev.azure.com/MAGIQSoftware/Demo/_git/Aptitude,2022-05-03,Chase Ramone,0,false,false,unknown,private,,stale,hold,not-started,,project=Demo; 0.0MB; decom candidate (rule 1) once pipelines/deps known
25,BlazorDemo,magiq-ado,https://dev.azure.com/MAGIQSoftware/Demo/_git/BlazorDemo,2023-07-02,Chase Ramone,0,false,false,unknown,private,,stale,hold,not-started,,project=Demo; 0.0MB; decom candidate (rule 1) once pipelines/deps known
26,Demo,magiq-ado,https://dev.azure.com/MAGIQSoftware/Demo/_git/Demo,2020-12-10,Andrew Mead,1,true,false,unknown,private,,stale,hold,not-started,,project=Demo; 0.0MB; decom candidate (rule 1) once pipelines/deps known; 1 open PR(s) - close/abandon before migration; pipelines: Demo (last 2020-12-10)
27,Automation,magiq-ado,https://dev.azure.com/MAGIQSoftware/Deployment/_git/Automation,2022-02-01,Ary Winata,0,false,false,unknown,private,,stale,hold,not-started,,project=Deployment; 1.1MB; decom candidate (rule 1) once pipelines/deps known
28,Deployment,magiq-ado,https://dev.azure.com/MAGIQSoftware/Deployment/_git/Deployment,,,0,false,false,unknown,private,,stale,decommission,not-started,,project=Deployment; Empty repo - nothing to migrate; needs Chase confirm
29,Documentation,magiq-ado,https://dev.azure.com/MAGIQSoftware/Documentation/_git/Documentation,2022-09-09,Tom Fenton,0,false,false,unknown,private,,stale,hold,not-started,,project=Documentation; 9.8MB; decom candidate (rule 1) once pipelines/deps known
30,Performance Documentation,magiq-ado,https://dev.azure.com/MAGIQSoftware/Documentation/_git/Performance%20Documentation,2022-06-02,Karen Barton,0,false,false,unknown,private,,stale,hold,not-started,,project=Documentation; 3.5MB; decom candidate (rule 1) once pipelines/deps known
31,AdministrationToolkit,magiq-ado,https://dev.azure.com/MAGIQSoftware/Documents/_git/AdministrationToolkit,2021-12-18,Chase Ramone,0,false,false,unknown,private,,stale,hold,not-started,,project=Documents; 1.0MB; decom candidate (rule 1) once pipelines/deps known; project has 1 release def(s)
32,Api,magiq-ado,https://dev.azure.com/MAGIQSoftware/Documents/_git/Api,2026-09-12,Chase Ramone,0,false,false,unknown,private,,active,migrate,not-started,,project=Documents; 0.3MB; project has 1 release def(s)
33,Aws.Micro.Ocr,magiq-ado,https://dev.azure.com/MAGIQSoftware/Documents/_git/Aws.Micro.Ocr,2026-09-12,Chase Ramone,0,false,false,unknown,private,,active,migrate,not-started,,project=Documents; 11.0MB; project has 1 release def(s)
34,Conversion-EMR,magiq-ado,https://dev.azure.com/MAGIQSoftware/Documents/_git/Conversion-EMR,2024-02-01,Chase Ramone,0,false,false,unknown,private,,stale,hold,not-started,,project=Documents; 0.1MB; decom candidate (rule 1) once pipelines/deps known; project has 1 release def(s)
35,DeploymentTest,magiq-ado,https://dev.azure.com/MAGIQSoftware/Documents/_git/DeploymentTest,2023-08-17,Chase Ramone,0,false,false,unknown,private,,stale,hold,not-started,,project=Documents; 0.0MB; decom candidate (rule 1) once pipelines/deps known; project has 1 release def(s)
36,DigitalSigning,magiq-ado,https://dev.azure.com/MAGIQSoftware/Documents/_git/DigitalSigning,2023-12-21,Chase Ramone,0,false,false,unknown,private,,stale,hold,not-started,,project=Documents; 1.9MB; decom candidate (rule 1) once pipelines/deps known; project has 1 release def(s)
37,DocumentLifecycleCleaner,magiq-ado,https://dev.azure.com/MAGIQSoftware/Documents/_git/DocumentLifecycleCleaner,2026-08-25,Chase Ramone,0,false,false,unknown,private,,active,migrate,not-started,,project=Documents; 1.7MB; project has 1 release def(s)
38,documents-client-models,magiq-ado,https://dev.azure.com/MAGIQSoftware/Documents/_git/documents-client-models,2023-12-23,Chase Ramone,0,false,false,unknown,private,,stale,hold,not-started,,project=Documents; 0.0MB; decom candidate (rule 1) once pipelines/deps known; project has 1 release def(s)
39,DocumentsApi-obsolete,magiq-ado,https://dev.azure.com/MAGIQSoftware/Documents/_git/DocumentsApi-obsolete,2021-12-14,Chase Ramone,0,true,false,unknown,private,,deprecated,hold,not-started,,project=Documents; 15.3MB; Name marks it obsolete/legacy; pipelines: DocumentsApi CI (last 2020-03-22); project has 1 release def(s)
40,DocumentsClient-obsolete,magiq-ado,https://dev.azure.com/MAGIQSoftware/Documents/_git/DocumentsClient-obsolete,2020-09-09,Chase Ramone,0,false,false,unknown,private,,deprecated,hold,not-started,,project=Documents; 0.1MB; Name marks it obsolete/legacy; project has 1 release def(s)
41,DocumentsExport,magiq-ado,https://dev.azure.com/MAGIQSoftware/Documents/_git/DocumentsExport,2024-01-28,Chase Ramone,0,false,false,unknown,private,,stale,hold,not-started,,project=Documents; 0.0MB; decom candidate (rule 1) once pipelines/deps known; project has 1 release def(s)
42,DocumentsHelp,magiq-ado,https://dev.azure.com/MAGIQSoftware/Documents/_git/DocumentsHelp,2020-03-09,Chase Ramone,0,false,false,unknown,private,,stale,hold,not-started,,project=Documents; 10.4MB; decom candidate (rule 1) once pipelines/deps known; project has 1 release def(s)
43,EmailConversion,magiq-ado,https://dev.azure.com/MAGIQSoftware/Documents/_git/EmailConversion,2019-04-29,chaser,0,false,false,unknown,private,,stale,hold,not-started,,project=Documents; 0.1MB; decom candidate (rule 1) once pipelines/deps known; project has 1 release def(s)
44,Foundation,magiq-ado,https://dev.azure.com/MAGIQSoftware/Documents/_git/Foundation,2022-08-05,Tem Jones,0,false,false,unknown,private,,stale,hold,not-started,,project=Documents; 45.1MB; decom candidate (rule 1) once pipelines/deps known; project has 1 release def(s)
45,IISIntegration,magiq-ado,https://dev.azure.com/MAGIQSoftware/Documents/_git/IISIntegration,2026-04-15,Chase Ramone,0,false,false,unknown,private,,active,migrate,not-started,,project=Documents; 6.5MB; project has 1 release def(s)
46,InfoRouterServices,magiq-ado,https://dev.azure.com/MAGIQSoftware/Documents/_git/InfoRouterServices,2023-03-21,Chase Ramone,0,false,false,unknown,private,,stale,hold,not-started,,project=Documents; 0.0MB; decom candidate (rule 1) once pipelines/deps known; project has 1 release def(s)
47,InfoXpertLegacy,magiq-ado,https://dev.azure.com/MAGIQSoftware/Documents/_git/InfoXpertLegacy,2026-09-11,Chase Ramone,0,false,false,unknown,private,,active,migrate,not-started,,project=Documents; 2.4MB; project has 1 release def(s)
48,IXEasyForms,magiq-ado,https://dev.azure.com/MAGIQSoftware/Documents/_git/IXEasyForms,2026-09-12,Chase Ramone,0,false,false,unknown,private,,active,migrate,not-started,,project=Documents; 0.0MB; project has 1 release def(s)
49,IXReports,magiq-ado,https://dev.azure.com/MAGIQSoftware/Documents/_git/IXReports,2026-06-11,Chase Ramone,0,false,false,unknown,private,,active,migrate,not-started,,project=Documents; 0.8MB; project has 1 release def(s)
50,MagiqCMS-Old,magiq-ado,https://dev.azure.com/MAGIQSoftware/Documents/_git/MagiqCMS-Old,2026-09-11,Chase Ramone,0,true,false,unknown,private,,active,hold,not-started,,project=Documents; 242.8MB; Name says old/obsolete but commits are recent - clarify; pipelines: MagiqCMS-Old (last 2020-09-28); project has 1 release def(s)
51,OfficeAddins,magiq-ado,https://dev.azure.com/MAGIQSoftware/Documents/_git/OfficeAddins,2023-12-31,Chase Ramone,0,false,false,unknown,private,,stale,hold,not-started,,project=Documents; 0.2MB; decom candidate (rule 1) once pipelines/deps known; project has 1 release def(s)
52,OfficeConnectors,magiq-ado,https://dev.azure.com/MAGIQSoftware/Documents/_git/OfficeConnectors,2026-03-10,Chase Ramone,0,false,false,unknown,private,,stale,hold,not-started,,project=Documents; 2.5MB; No commits 6-12m; project has 1 release def(s)
53,TiffProcessing,magiq-ado,https://dev.azure.com/MAGIQSoftware/Documents/_git/TiffProcessing,2020-05-14,Chase Ramone,0,false,false,unknown,private,,stale,hold,not-started,,project=Documents; 12.2MB; decom candidate (rule 1) once pipelines/deps known; project has 1 release def(s)
54,VERS,magiq-ado,https://dev.azure.com/MAGIQSoftware/Documents/_git/VERS,2020-06-30,Chase Ramone,0,false,false,unknown,private,,stale,hold,not-started,,project=Documents; 0.2MB; decom candidate (rule 1) once pipelines/deps known; project has 1 release def(s)
55,Engagement,magiq-ado,https://dev.azure.com/MAGIQSoftware/Engagement/_git/Engagement,,,0,true,false,unknown,private,,stale,hold,not-started,,project=Engagement; 15.8MB; Repo DISABLED in ADO; pipelines: Engagement (last never)
56,Enterprise,magiq-ado,https://dev.azure.com/MAGIQSoftware/Enterprise/_git/Enterprise,,,0,false,false,unknown,private,,stale,decommission,not-started,,project=Enterprise; Empty repo - nothing to migrate; needs Chase confirm
57,Authentication,magiq-ado,https://dev.azure.com/MAGIQSoftware/Extensions/_git/Authentication,2023-11-29,Nick Parnham,0,false,false,unknown,private,,stale,hold,not-started,,project=Extensions; 0.0MB; decom candidate (rule 1) once pipelines/deps known
58,CommandLineInterface,magiq-ado,https://dev.azure.com/MAGIQSoftware/Extensions/_git/CommandLineInterface,2021-12-07,Ary Winata,0,false,false,unknown,private,,stale,hold,not-started,,project=Extensions; 0.1MB; decom candidate (rule 1) once pipelines/deps known
59,Commands,magiq-ado,https://dev.azure.com/MAGIQSoftware/Extensions/_git/Commands,2019-05-11,chaser,0,false,false,unknown,private,,stale,hold,not-started,,project=Extensions; 0.0MB; decom candidate (rule 1) once pipelines/deps known
60,DomainModeling,magiq-ado,https://dev.azure.com/MAGIQSoftware/Extensions/_git/DomainModeling,2019-05-23,chaser,0,false,false,unknown,private,,stale,hold,not-started,,project=Extensions; 0.0MB; decom candidate (rule 1) once pipelines/deps known
61,Extensibility,magiq-ado,https://dev.azure.com/MAGIQSoftware/Extensions/_git/Extensibility,2019-11-15,chaser,0,false,false,unknown,private,,stale,hold,not-started,,project=Extensions; 0.0MB; decom candidate (rule 1) once pipelines/deps known
62,Extensions,magiq-ado,https://dev.azure.com/MAGIQSoftware/Extensions/_git/Extensions,,,0,false,false,unknown,private,,stale,decommission,not-started,,project=Extensions; Empty repo - nothing to migrate; needs Chase confirm
63,FluentXml,magiq-ado,https://dev.azure.com/MAGIQSoftware/Extensions/_git/FluentXml,2019-10-08,chaser,1,false,false,unknown,private,,stale,hold,not-started,,project=Extensions; 0.0MB; decom candidate (rule 1) once pipelines/deps known; 1 open PR(s) - close/abandon before migration
64,Messaging,magiq-ado,https://dev.azure.com/MAGIQSoftware/Extensions/_git/Messaging,2026-09-12,Chase Ramone,0,false,false,unknown,private,,active,migrate,not-started,,project=Extensions; 0.1MB
65,Middleware,magiq-ado,https://dev.azure.com/MAGIQSoftware/Extensions/_git/Middleware,2026-09-12,Chase Ramone,0,false,false,unknown,private,,active,migrate,not-started,,project=Extensions; 0.1MB
66,Pagination,magiq-ado,https://dev.azure.com/MAGIQSoftware/Extensions/_git/Pagination,2019-05-11,chaser,0,false,false,unknown,private,,stale,hold,not-started,,project=Extensions; 0.0MB; decom candidate (rule 1) once pipelines/deps known
67,Specifications,magiq-ado,https://dev.azure.com/MAGIQSoftware/Extensions/_git/Specifications,2021-12-09,Chase Ramone,0,false,false,unknown,private,,stale,hold,not-started,,project=Extensions; 0.0MB; decom candidate (rule 1) once pipelines/deps known
68,Harbour Test,magiq-ado,https://dev.azure.com/MAGIQSoftware/Harbour%20Test/_git/Harbour%20Test,,,0,false,false,unknown,private,,stale,decommission,not-started,,project=Harbour Test; Empty repo - nothing to migrate; needs Chase confirm
69,InfoRouter,magiq-ado,https://dev.azure.com/MAGIQSoftware/InfoRouter/_git/InfoRouter,,,0,false,false,unknown,private,,stale,decommission,not-started,,project=InfoRouter; Empty repo - nothing to migrate; needs Chase confirm
70,PartsUnlimited,magiq-ado,https://dev.azure.com/MAGIQSoftware/KarensTestProject/_git/PartsUnlimited,2019-09-30,Akshay H,2,true,false,unknown,private,,deprecated,decommission,not-started,,project=KarensTestProject; 8.7MB; ADO Demo Generator sample (PartsUnlimited); needs Chase confirm; 2 open PR(s) - close/abandon before migration; pipelines: PartsUnlimitedE2E (last never); project has 1 release def(s)
71,Licensing,magiq-ado,https://dev.azure.com/MAGIQSoftware/Licensing/_git/Licensing,2024-02-27,Andrew Thomas,0,false,false,unknown,private,,stale,hold,not-started,,project=Licensing; 0.5MB; decom candidate (rule 1) once pipelines/deps known
72,MAGIQ Auth Plus,magiq-ado,https://dev.azure.com/MAGIQSoftware/MAGIQ%20Auth%20Plus/_git/MAGIQ%20Auth%20Plus,2022-08-31,Tom Fenton,0,false,false,unknown,private,,stale,hold,not-started,,project=MAGIQ Auth Plus; 3.9MB; decom candidate (rule 1) once pipelines/deps known
73,enterprise-image-builder,magiq-ado,https://dev.azure.com/MAGIQSoftware/MAGIQ%20Cloud/_git/enterprise-image-builder,2022-07-14,Tom Fenton,0,false,false,unknown,private,,stale,hold,not-started,,project=MAGIQ Cloud; 0.0MB; decom candidate (rule 1) once pipelines/deps known
74,MAGIQ-Auth-IaC,magiq-ado,https://dev.azure.com/MAGIQSoftware/MAGIQ%20Cloud/_git/MAGIQ-Auth-IaC,2024-09-10,Tom Fenton,0,false,false,unknown,private,,stale,hold,not-started,,project=MAGIQ Cloud; 0.1MB; decom candidate (rule 1) once pipelines/deps known
75,MAGIQ-Organization,magiq-ado,https://dev.azure.com/MAGIQSoftware/MAGIQ%20Cloud/_git/MAGIQ-Organization,2023-08-31,Tom Fenton,6,false,false,unknown,private,,stale,hold,not-started,,project=MAGIQ Cloud; 0.1MB; decom candidate (rule 1) once pipelines/deps known; 6 open PR(s) - close/abandon before migration
76,magiq-waf-cdk,magiq-ado,https://dev.azure.com/MAGIQSoftware/MAGIQ%20Cloud/_git/magiq-waf-cdk,2021-09-25,Tom Fenton,0,false,false,unknown,private,,stale,hold,not-started,,project=MAGIQ Cloud; 0.2MB; decom candidate (rule 1) once pipelines/deps known
77,managed-services,magiq-ado,https://dev.azure.com/MAGIQSoftware/MAGIQ%20Cloud/_git/managed-services,,,0,false,false,unknown,private,,stale,hold,not-started,,project=MAGIQ Cloud; 0.0MB; Repo DISABLED in ADO
78,online-image-builder,magiq-ado,https://dev.azure.com/MAGIQSoftware/MAGIQ%20Cloud/_git/online-image-builder,2022-07-14,Tom Fenton,1,false,false,unknown,private,,stale,hold,not-started,,project=MAGIQ Cloud; 0.0MB; decom candidate (rule 1) once pipelines/deps known; 1 open PR(s) - close/abandon before migration
79,perfdocs-image-builder,magiq-ado,https://dev.azure.com/MAGIQSoftware/MAGIQ%20Cloud/_git/perfdocs-image-builder,2022-07-12,Tom Fenton,0,false,false,unknown,private,,stale,hold,not-started,,project=MAGIQ Cloud; 0.0MB; decom candidate (rule 1) once pipelines/deps known
80,performance-image-builder,magiq-ado,https://dev.azure.com/MAGIQSoftware/MAGIQ%20Cloud/_git/performance-image-builder,2022-05-24,Shaun Foley,2,false,false,unknown,private,,stale,hold,not-started,,project=MAGIQ Cloud; 0.1MB; decom candidate (rule 1) once pipelines/deps known; 2 open PR(s) - close/abandon before migration
81,PowerShell-Tools,magiq-ado,https://dev.azure.com/MAGIQSoftware/MAGIQ%20Cloud/_git/PowerShell-Tools,2021-11-14,Tom Fenton,0,false,false,unknown,private,,stale,hold,not-started,,project=MAGIQ Cloud; 0.0MB; decom candidate (rule 1) once pipelines/deps known
82,zzz-MAGIQ-Cloud-IaC,magiq-ado,https://dev.azure.com/MAGIQSoftware/MAGIQ%20Cloud/_git/zzz-MAGIQ-Cloud-IaC,,,0,true,false,unknown,private,,deprecated,hold,not-started,,project=MAGIQ Cloud; 4.6MB; Repo DISABLED in ADO
83,MAGIQ Onboarding,magiq-ado,https://dev.azure.com/MAGIQSoftware/MAGIQ%20Onboarding/_git/MAGIQ%20Onboarding,,,0,false,false,unknown,private,,stale,decommission,not-started,,project=MAGIQ Onboarding; Empty repo - nothing to migrate; needs Chase confirm
84,Deployment,magiq-ado,https://dev.azure.com/MAGIQSoftware/MAGIQ%20PowerShell/_git/Deployment,,,0,false,false,unknown,private,,stale,decommission,not-started,,project=MAGIQ PowerShell; Empty repo - nothing to migrate; needs Chase confirm
85,Documents,magiq-ado,https://dev.azure.com/MAGIQSoftware/MAGIQ%20PowerShell/_git/Documents,2022-11-28,Tem Jones,0,false,false,unknown,private,,stale,hold,not-started,,project=MAGIQ PowerShell; 0.4MB; decom candidate (rule 1) once pipelines/deps known
86,MAGIQ PowerShell,magiq-ado,https://dev.azure.com/MAGIQSoftware/MAGIQ%20PowerShell/_git/MAGIQ%20PowerShell,,,0,false,false,unknown,private,,stale,decommission,not-started,,project=MAGIQ PowerShell; Empty repo - nothing to migrate; needs Chase confirm
87,MAGIQ Projects,magiq-ado,https://dev.azure.com/MAGIQSoftware/MAGIQ%20Projects/_git/MAGIQ%20Projects,,,0,false,false,unknown,private,,stale,decommission,not-started,,project=MAGIQ Projects; Empty repo - nothing to migrate; needs Chase confirm
88,MAGIQ Security,magiq-ado,https://dev.azure.com/MAGIQSoftware/MAGIQ%20Security/_git/MAGIQ%20Security,,,0,false,false,unknown,private,,stale,decommission,not-started,,project=MAGIQ Security; Empty repo - nothing to migrate; needs Chase confirm
89,aspnetcore,magiq-ado,https://dev.azure.com/MAGIQSoftware/Magiq.NetPlatform/_git/aspnetcore,2024-09-14,Chase Ramone,0,false,false,unknown,private,,stale,hold,not-started,,project=Magiq.NetPlatform; 2.2MB; decom candidate (rule 1) once pipelines/deps known
90,magiq-domain,magiq-ado,https://dev.azure.com/MAGIQSoftware/Magiq.NetPlatform/_git/magiq-domain,2024-09-19,Chase Ramone,0,false,false,unknown,private,,stale,hold,not-started,,project=Magiq.NetPlatform; 0.1MB; decom candidate (rule 1) once pipelines/deps known
91,magiq-tenants,magiq-ado,https://dev.azure.com/MAGIQSoftware/Magiq.NetPlatform/_git/magiq-tenants,2024-09-24,Chase Ramone,0,false,false,unknown,private,,stale,hold,not-started,,project=Magiq.NetPlatform; 1.2MB; decom candidate (rule 1) once pipelines/deps known
92,Magiq.NetPlatform,magiq-ado,https://dev.azure.com/MAGIQSoftware/Magiq.NetPlatform/_git/Magiq.NetPlatform,2023-04-09,Chase Ramone,0,false,false,unknown,private,,stale,hold,not-started,,project=Magiq.NetPlatform; 0.0MB; decom candidate (rule 1) once pipelines/deps known
93,AuthUtility,magiq-ado,https://dev.azure.com/MAGIQSoftware/MagiqAuth/_git/AuthUtility,2020-02-23,Jack Della,0,false,false,unknown,private,,stale,hold,not-started,,project=MagiqAuth; 0.0MB; decom candidate (rule 1) once pipelines/deps known
94,MAGIQ Auth Server,magiq-ado,https://dev.azure.com/MAGIQSoftware/MagiqAuth/_git/MAGIQ%20Auth%20Server,2020-06-04,Ethan Hayati,0,false,false,unknown,private,,stale,hold,not-started,,project=MagiqAuth; 0.0MB; decom candidate (rule 1) once pipelines/deps known
95,Magiq Portal,magiq-ado,https://dev.azure.com/MAGIQSoftware/MagiqAuth/_git/Magiq%20Portal,2018-03-27,Ethan Hayati,0,false,false,unknown,private,,stale,hold,not-started,,project=MagiqAuth; 1.5MB; decom candidate (rule 1) once pipelines/deps known
96,MagiqAuth,magiq-ado,https://dev.azure.com/MAGIQSoftware/MagiqAuth/_git/MagiqAuth,2022-08-31,Tom Fenton,0,false,false,unknown,private,,stale,hold,not-started,,project=MagiqAuth; 6.9MB; decom candidate (rule 1) once pipelines/deps known
97,MagiqOffice,magiq-ado,https://dev.azure.com/MAGIQSoftware/MagiqOffice/_git/MagiqOffice,2023-04-18,Tom Fenton,0,true,false,unknown,private,,stale,hold,not-started,,project=MagiqOffice; 0.2MB; decom candidate (rule 1) once pipelines/deps known; pipelines: MagiqOffice (last 2022-10-25)
98,MagiqSDK,magiq-ado,https://dev.azure.com/MAGIQSoftware/MagiqSDK/_git/MagiqSDK,2023-12-23,Chase Ramone,0,false,false,unknown,private,,stale,hold,not-started,,project=MagiqSDK; 10.7MB; decom candidate (rule 1) once pipelines/deps known
99,Media,magiq-ado,https://dev.azure.com/MAGIQSoftware/Media/_git/Media,,,0,false,false,unknown,private,,stale,decommission,not-started,,project=Media; Empty repo - nothing to migrate; needs Chase confirm
100,documents,magiq-ado,https://dev.azure.com/MAGIQSoftware/Mobile/_git/documents,2021-02-18,Jack Della,0,false,false,unknown,private,,stale,hold,not-started,,project=Mobile; 0.5MB; decom candidate (rule 1) once pipelines/deps known
101,Engagement,magiq-ado,https://dev.azure.com/MAGIQSoftware/Mobile/_git/Engagement,2021-12-08,Ethan Hayati,0,true,false,unknown,private,,stale,hold,not-started,,"project=Mobile; 18.5MB; decom candidate (rule 1) once pipelines/deps known; pipelines: Engagement (last never), Engagement Deploy Elastic Beanstalk (last 2021-12-01)"
102,Mobile,magiq-ado,https://dev.azure.com/MAGIQSoftware/Mobile/_git/Mobile,2024-02-22,Steven Thompson,0,false,false,unknown,private,,stale,hold,not-started,,project=Mobile; 43.3MB; decom candidate (rule 1) once pipelines/deps known
103,MobileMaui,magiq-ado,https://dev.azure.com/MAGIQSoftware/Mobile/_git/MobileMaui,2024-02-08,Chase Ramone,0,false,false,unknown,private,,stale,hold,not-started,,project=Mobile; 1.0MB; decom candidate (rule 1) once pipelines/deps known
104,packages,magiq-ado,https://dev.azure.com/MAGIQSoftware/Mobile/_git/packages,2020-03-15,Jack Della,0,false,false,unknown,private,,stale,hold,not-started,,project=Mobile; 0.2MB; decom candidate (rule 1) once pipelines/deps known
105,Rss,magiq-ado,https://dev.azure.com/MAGIQSoftware/Mobile/_git/Rss,2020-01-19,Jack Della,0,false,false,unknown,private,,stale,hold,not-started,,project=Mobile; 0.0MB; decom candidate (rule 1) once pipelines/deps known
106,ssh,magiq-ado,https://dev.azure.com/MAGIQSoftware/Mobile/_git/ssh,2021-02-14,Jack Della,0,false,false,unknown,private,,stale,hold,not-started,,project=Mobile; 0.1MB; decom candidate (rule 1) once pipelines/deps known
107,LEGACY -DO NOT USE- Performance,magiq-ado,https://dev.azure.com/MAGIQSoftware/Performance/_git/LEGACY%20-DO%20NOT%20USE-%20Performance,2024-03-17,Mark Morrison,4,true,false,unknown,private,,deprecated,hold,not-started,,"project=Performance; 3679.2MB; Name marks it obsolete/legacy; 4 open PR(s) - close/abandon before migration; 3.6GB - check GitHub size/large-file limits; pipelines: Performance Multi Tenancy (last 2024-03-17), Performance Test (last 2024-03-17), Scheduled Work Item Queries (last never), Performance Azure Build (last 2024-03-20); project has 3 release def(s)"
108,Publisher Cloud Authentication,magiq-ado,https://dev.azure.com/MAGIQSoftware/Publisher%20Cloud%20Authentication/_git/Publisher%20Cloud%20Authentication,2020-06-04,Andrew Thomas,0,false,false,unknown,private,,stale,hold,not-started,,project=Publisher Cloud Authentication; 0.0MB; decom candidate (rule 1) once pipelines/deps known
109,SAAS - MultiTenancy,magiq-ado,https://dev.azure.com/MAGIQSoftware/SAAS%20-%20MultiTenancy/_git/SAAS%20-%20MultiTenancy,,,0,false,false,unknown,private,,stale,decommission,not-started,,project=SAAS - MultiTenancy; Empty repo - nothing to migrate; needs Chase confirm
110,Teams Integration,magiq-ado,https://dev.azure.com/MAGIQSoftware/Teams%20Integration/_git/Teams%20Integration,2021-04-01,Jack Della,0,false,false,unknown,private,,stale,hold,not-started,,project=Teams Integration; 1.1MB; decom candidate (rule 1) once pipelines/deps known
111,Trinity,magiq-ado,https://dev.azure.com/MAGIQSoftware/Trinity/_git/Trinity,,,0,false,false,unknown,private,,stale,decommission,not-started,,project=Trinity; Empty repo - nothing to migrate; needs Chase confirm
112,UIComponents,magiq-ado,https://dev.azure.com/MAGIQSoftware/UIComponents/_git/UIComponents,,,0,false,false,unknown,private,,stale,decommission,not-started,,project=UIComponents; Empty repo - nothing to migrate; needs Chase confirm
113,WPF,magiq-ado,https://dev.azure.com/MAGIQSoftware/UIComponents/_git/WPF,2019-05-30,chaser,0,false,false,unknown,private,,stale,hold,not-started,,project=UIComponents; 1.7MB; decom candidate (rule 1) once pipelines/deps known
