id,name,source,source_url,last_commit_date,last_commit_author,open_prs,has_pipelines,has_lfs,has_packages,visibility,owner,classification,disposition,migration_status,destination_url,backup_2loc,confirmed_by,confirmed_date,notes
1,Extensions,magiq-vs-ado,https://magiq.visualstudio.com/_git/Extensions,,,,false,unknown,unknown,private,Chase Ramone,stale,decommission,decommissioned,,yes,Chase Ramone,2026-10-01,Legacy MAGIQ.Extensions.* libs (9 projects). ADO project deleted 2026-10-01 by Chase (D-007). Code kept as zip at archive/magiq-vs-ado/Extensions (D-006). 2 pkg IDs still in infoxpert feed (R-001)
2,Cloud Storage Gateway,magiq-ado,https://dev.azure.com/MAGIQSoftware/Cloud%20Storage%20Gateway/_git/Cloud%20Storage%20Gateway,2019-09-10,Chase Ramone,0,false,false,unknown,private,Chase Ramone,stale,pending,not-started,,,,,project=Cloud Storage Gateway; 2.0MB; decom candidate (rule 1) once pipelines/deps known
3,Conversion,magiq-ado,https://dev.azure.com/MAGIQSoftware/Conversion/_git/Conversion,2026-09-12,Chase Ramone,0,false,false,unknown,private,Chase Ramone,active,pending,not-started,,,,,"project=Conversion; 31.7MB; 166 Chase commits across 6 branches (develop, Cloud/Infrastructure, ...); master last 2022-07-05"
4,DocumentsLoad,magiq-ado,https://dev.azure.com/MAGIQSoftware/Conversion/_git/DocumentsLoad,2020-03-05,Chase Ramone,0,false,false,unknown,private,Chase Ramone,stale,pending,not-started,,,,,project=Conversion; 0.0MB; decom candidate (rule 1) once pipelines/deps known
5,Aptitude,magiq-ado,https://dev.azure.com/MAGIQSoftware/Demo/_git/Aptitude,2022-05-03,Chase Ramone,0,false,false,unknown,private,Chase Ramone,stale,pending,not-started,,,,,project=Demo; 0.0MB; decom candidate (rule 1) once pipelines/deps known
6,BlazorDemo,magiq-ado,https://dev.azure.com/MAGIQSoftware/Demo/_git/BlazorDemo,2023-07-02,Chase Ramone,0,false,false,unknown,private,Chase Ramone,stale,pending,not-started,,,,,project=Demo; 0.0MB; decom candidate (rule 1) once pipelines/deps known
7,Demo,magiq-ado,https://dev.azure.com/MAGIQSoftware/Demo/_git/Demo,2020-12-10,Andrew Mead,1,true,false,unknown,private,Chase Ramone,stale,pending,not-started,,,,,project=Demo; 0.0MB; decom candidate (rule 1) once pipelines/deps known; 1 open PR(s) - close/abandon before migration; pipelines: Demo (last 2020-12-10)
8,AdministrationToolkit,magiq-ado,https://dev.azure.com/MAGIQSoftware/Documents/_git/AdministrationToolkit,2021-12-18,Chase Ramone,0,false,false,unknown,private,Chase Ramone,stale,pending,not-started,,,,,project=Documents; 1.0MB; decom candidate (rule 1) once pipelines/deps known; project has 1 release def(s)
9,Api,magiq-ado,https://dev.azure.com/MAGIQSoftware/Documents/_git/Api,2026-09-12,Chase Ramone,0,false,false,unknown,private,Chase Ramone,active,migrate,not-started,,,,,project=Documents; 0.3MB; project has 1 release def(s)
10,Aws.Micro.Ocr,magiq-ado,https://dev.azure.com/MAGIQSoftware/Documents/_git/Aws.Micro.Ocr,2026-09-12,Chase Ramone,0,false,false,unknown,private,Chase Ramone,active,migrate,not-started,,,,,project=Documents; 11.0MB; project has 1 release def(s)
11,Conversion-EMR,magiq-ado,https://dev.azure.com/MAGIQSoftware/Documents/_git/Conversion-EMR,2024-02-01,Chase Ramone,0,false,false,unknown,private,Chase Ramone,stale,pending,not-started,,,,,project=Documents; 0.1MB; decom candidate (rule 1) once pipelines/deps known; project has 1 release def(s)
12,DeploymentTest,magiq-ado,https://dev.azure.com/MAGIQSoftware/Documents/_git/DeploymentTest,2023-08-17,Chase Ramone,0,false,false,unknown,private,Chase Ramone,stale,pending,not-started,,,,,project=Documents; 0.0MB; decom candidate (rule 1) once pipelines/deps known; project has 1 release def(s)
13,DigitalSigning,magiq-ado,https://dev.azure.com/MAGIQSoftware/Documents/_git/DigitalSigning,2023-12-21,Chase Ramone,0,false,false,unknown,private,Chase Ramone,stale,pending,not-started,,,,,project=Documents; 1.9MB; decom candidate (rule 1) once pipelines/deps known; project has 1 release def(s)
14,DocumentLifecycleCleaner,magiq-ado,https://dev.azure.com/MAGIQSoftware/Documents/_git/DocumentLifecycleCleaner,2026-09-17,Chase Ramone,0,false,false,unknown,private,Chase Ramone,active,migrate,not-started,,,,,project=Documents; 1.7MB; project has 1 release def(s); latest on feature/34875-optimization-scan
15,documents-client-models,magiq-ado,https://dev.azure.com/MAGIQSoftware/Documents/_git/documents-client-models,2023-12-23,Chase Ramone,0,false,false,unknown,private,Chase Ramone,stale,pending,not-started,,,,,project=Documents; 0.0MB; decom candidate (rule 1) once pipelines/deps known; project has 1 release def(s)
16,DocumentsApi-obsolete,magiq-ado,https://dev.azure.com/MAGIQSoftware/Documents/_git/DocumentsApi-obsolete,2021-12-14,Chase Ramone,0,true,false,unknown,private,Chase Ramone,deprecated,pending,not-started,,,,,project=Documents; 15.3MB; Name marks it obsolete/legacy; pipelines: DocumentsApi CI (last 2020-03-22); project has 1 release def(s)
17,DocumentsClient-obsolete,magiq-ado,https://dev.azure.com/MAGIQSoftware/Documents/_git/DocumentsClient-obsolete,2020-09-09,Chase Ramone,0,false,false,unknown,private,Chase Ramone,deprecated,pending,not-started,,,,,project=Documents; 0.1MB; Name marks it obsolete/legacy; project has 1 release def(s)
18,DocumentsExport,magiq-ado,https://dev.azure.com/MAGIQSoftware/Documents/_git/DocumentsExport,2024-01-28,Chase Ramone,0,false,false,unknown,private,Chase Ramone,stale,pending,not-started,,,,,project=Documents; 0.0MB; decom candidate (rule 1) once pipelines/deps known; project has 1 release def(s)
19,DocumentsHelp,magiq-ado,https://dev.azure.com/MAGIQSoftware/Documents/_git/DocumentsHelp,2020-03-09,Chase Ramone,0,false,false,unknown,private,Chase Ramone,stale,pending,not-started,,,,,project=Documents; 10.4MB; decom candidate (rule 1) once pipelines/deps known; project has 1 release def(s)
20,EmailConversion,magiq-ado,https://dev.azure.com/MAGIQSoftware/Documents/_git/EmailConversion,2019-04-29,chaser,0,false,false,unknown,private,Chase Ramone,stale,pending,not-started,,,,,project=Documents; 0.1MB; decom candidate (rule 1) once pipelines/deps known; project has 1 release def(s)
21,Foundation,magiq-ado,https://dev.azure.com/MAGIQSoftware/Documents/_git/Foundation,2022-08-05,Tem Jones,0,false,false,unknown,private,Chase Ramone,stale,pending,not-started,,,,,project=Documents; 45.1MB; decom candidate (rule 1) once pipelines/deps known; project has 1 release def(s)
22,IISIntegration,magiq-ado,https://dev.azure.com/MAGIQSoftware/Documents/_git/IISIntegration,2026-04-15,Chase Ramone,0,false,false,unknown,private,Chase Ramone,active,migrate,not-started,,,,,project=Documents; 6.5MB; project has 1 release def(s)
23,InfoRouterServices,magiq-ado,https://dev.azure.com/MAGIQSoftware/Documents/_git/InfoRouterServices,2023-03-21,Chase Ramone,0,false,false,unknown,private,Chase Ramone,stale,pending,not-started,,,,,project=Documents; 0.0MB; decom candidate (rule 1) once pipelines/deps known; project has 1 release def(s)
24,InfoXpertLegacy,magiq-ado,https://dev.azure.com/MAGIQSoftware/Documents/_git/InfoXpertLegacy,2026-09-11,Chase Ramone,0,false,false,unknown,private,Chase Ramone,active,migrate,not-started,,,,,project=Documents; 2.4MB; project has 1 release def(s)
25,IXEasyForms,magiq-ado,https://dev.azure.com/MAGIQSoftware/Documents/_git/IXEasyForms,2026-09-12,Chase Ramone,0,false,false,unknown,private,Chase Ramone,active,migrate,not-started,,,,,project=Documents; 0.0MB; project has 1 release def(s)
26,IXReports,magiq-ado,https://dev.azure.com/MAGIQSoftware/Documents/_git/IXReports,2026-06-11,Chase Ramone,0,false,false,unknown,private,Chase Ramone,active,migrate,not-started,,,,,project=Documents; 0.8MB; project has 1 release def(s)
27,MagiqCMS-Old,magiq-ado,https://dev.azure.com/MAGIQSoftware/Documents/_git/MagiqCMS-Old,2026-09-11,Chase Ramone,0,true,false,unknown,private,Chase Ramone,active,pending,not-started,,,,,project=Documents; 242.8MB; Name says old/obsolete but commits are recent - clarify; pipelines: MagiqCMS-Old (last 2020-09-28); project has 1 release def(s)
28,OfficeAddins,magiq-ado,https://dev.azure.com/MAGIQSoftware/Documents/_git/OfficeAddins,2023-12-31,Chase Ramone,0,false,false,unknown,private,Chase Ramone,stale,pending,not-started,,,,,project=Documents; 0.2MB; decom candidate (rule 1) once pipelines/deps known; project has 1 release def(s)
29,OfficeConnectors,magiq-ado,https://dev.azure.com/MAGIQSoftware/Documents/_git/OfficeConnectors,2026-03-10,Chase Ramone,0,false,false,unknown,private,Chase Ramone,stale,pending,not-started,,,,,project=Documents; 2.5MB; No commits 6-12m; project has 1 release def(s)
30,TiffProcessing,magiq-ado,https://dev.azure.com/MAGIQSoftware/Documents/_git/TiffProcessing,2020-05-14,Chase Ramone,0,false,false,unknown,private,Chase Ramone,stale,pending,not-started,,,,,project=Documents; 12.2MB; decom candidate (rule 1) once pipelines/deps known; project has 1 release def(s)
31,VERS,magiq-ado,https://dev.azure.com/MAGIQSoftware/Documents/_git/VERS,2020-06-30,Chase Ramone,0,false,false,unknown,private,Chase Ramone,stale,pending,not-started,,,,,project=Documents; 0.2MB; decom candidate (rule 1) once pipelines/deps known; project has 1 release def(s)
32,Authentication,magiq-ado,https://dev.azure.com/MAGIQSoftware/Extensions/_git/Authentication,2023-11-29,Nick Parnham,0,false,false,unknown,private,Chase Ramone,stale,pending,not-started,,,,,project=Extensions; 0.0MB; decom candidate (rule 1) once pipelines/deps known
33,CommandLineInterface,magiq-ado,https://dev.azure.com/MAGIQSoftware/Extensions/_git/CommandLineInterface,2021-12-07,Ary Winata,0,false,false,unknown,private,Chase Ramone,stale,pending,not-started,,,,,project=Extensions; 0.1MB; decom candidate (rule 1) once pipelines/deps known
34,Commands,magiq-ado,https://dev.azure.com/MAGIQSoftware/Extensions/_git/Commands,2019-05-11,chaser,0,false,false,unknown,private,Chase Ramone,stale,pending,not-started,,,,,project=Extensions; 0.0MB; decom candidate (rule 1) once pipelines/deps known
35,DomainModeling,magiq-ado,https://dev.azure.com/MAGIQSoftware/Extensions/_git/DomainModeling,2019-05-23,chaser,0,false,false,unknown,private,Chase Ramone,stale,pending,not-started,,,,,project=Extensions; 0.0MB; decom candidate (rule 1) once pipelines/deps known
36,Extensibility,magiq-ado,https://dev.azure.com/MAGIQSoftware/Extensions/_git/Extensibility,2019-11-15,chaser,0,false,false,unknown,private,Chase Ramone,stale,pending,not-started,,,,,project=Extensions; 0.0MB; decom candidate (rule 1) once pipelines/deps known
37,Extensions,magiq-ado,https://dev.azure.com/MAGIQSoftware/Extensions/_git/Extensions,,,0,false,false,unknown,private,Chase Ramone,stale,decommission,not-started,,,,,project=Extensions; Empty repo - nothing to migrate; needs Chase confirm
38,FluentXml,magiq-ado,https://dev.azure.com/MAGIQSoftware/Extensions/_git/FluentXml,2019-10-08,chaser,1,false,false,unknown,private,Chase Ramone,stale,pending,not-started,,,,,project=Extensions; 0.0MB; decom candidate (rule 1) once pipelines/deps known; 1 open PR(s) - close/abandon before migration
39,Messaging,magiq-ado,https://dev.azure.com/MAGIQSoftware/Extensions/_git/Messaging,2026-09-12,Chase Ramone,0,false,false,unknown,private,Chase Ramone,active,migrate,not-started,,,,,project=Extensions; 0.1MB
40,Middleware,magiq-ado,https://dev.azure.com/MAGIQSoftware/Extensions/_git/Middleware,2026-09-12,Chase Ramone,0,false,false,unknown,private,Chase Ramone,active,migrate,not-started,,,,,project=Extensions; 0.1MB
41,Pagination,magiq-ado,https://dev.azure.com/MAGIQSoftware/Extensions/_git/Pagination,2019-05-11,chaser,0,false,false,unknown,private,Chase Ramone,stale,pending,not-started,,,,,project=Extensions; 0.0MB; decom candidate (rule 1) once pipelines/deps known
42,Specifications,magiq-ado,https://dev.azure.com/MAGIQSoftware/Extensions/_git/Specifications,2021-12-09,Chase Ramone,0,false,false,unknown,private,Chase Ramone,stale,pending,not-started,,,,,project=Extensions; 0.0MB; decom candidate (rule 1) once pipelines/deps known
43,Licensing,magiq-ado,https://dev.azure.com/MAGIQSoftware/Licensing/_git/Licensing,2024-02-27,Andrew Thomas,0,false,false,unknown,private,Chase Ramone,stale,pending,not-started,,,,,project=Licensing; 0.5MB; decom candidate (rule 1) once pipelines/deps known
44,Deployment,magiq-ado,https://dev.azure.com/MAGIQSoftware/MAGIQ%20PowerShell/_git/Deployment,,,0,false,false,unknown,private,Chase Ramone,stale,decommission,not-started,,,,,project=MAGIQ PowerShell; Empty repo - nothing to migrate; needs Chase confirm
45,Documents,magiq-ado,https://dev.azure.com/MAGIQSoftware/MAGIQ%20PowerShell/_git/Documents,2022-11-28,Tem Jones,0,false,false,unknown,private,Chase Ramone,stale,pending,not-started,,,,,project=MAGIQ PowerShell; 0.4MB; decom candidate (rule 1) once pipelines/deps known
46,MAGIQ PowerShell,magiq-ado,https://dev.azure.com/MAGIQSoftware/MAGIQ%20PowerShell/_git/MAGIQ%20PowerShell,,,0,false,false,unknown,private,Chase Ramone,stale,migrate,not-started,,,,,project=MAGIQ PowerShell; Empty repo - nothing to migrate; needs Chase confirm
47,aspnetcore,magiq-ado,https://dev.azure.com/MAGIQSoftware/Magiq.NetPlatform/_git/aspnetcore,2024-09-14,Chase Ramone,0,false,false,unknown,private,Chase Ramone,stale,pending,not-started,,,,,project=Magiq.NetPlatform; 2.2MB; decom candidate (rule 1) once pipelines/deps known
48,magiq-domain,magiq-ado,https://dev.azure.com/MAGIQSoftware/Magiq.NetPlatform/_git/magiq-domain,2024-09-19,Chase Ramone,0,false,false,unknown,private,Chase Ramone,stale,pending,not-started,,,,,project=Magiq.NetPlatform; 0.1MB; decom candidate (rule 1) once pipelines/deps known
49,magiq-tenants,magiq-ado,https://dev.azure.com/MAGIQSoftware/Magiq.NetPlatform/_git/magiq-tenants,2024-09-24,Chase Ramone,0,false,false,unknown,private,Chase Ramone,stale,pending,not-started,,,,,project=Magiq.NetPlatform; 1.2MB; decom candidate (rule 1) once pipelines/deps known
50,Magiq.NetPlatform,magiq-ado,https://dev.azure.com/MAGIQSoftware/Magiq.NetPlatform/_git/Magiq.NetPlatform,2023-04-09,Chase Ramone,0,false,false,unknown,private,Chase Ramone,stale,pending,not-started,,,,,project=Magiq.NetPlatform; 0.0MB; decom candidate (rule 1) once pipelines/deps known
51,MagiqOffice,magiq-ado,https://dev.azure.com/MAGIQSoftware/MagiqOffice/_git/MagiqOffice,2023-04-18,Tom Fenton,0,true,false,unknown,private,Chase Ramone,stale,pending,skipped,,,,,project=MagiqOffice; 0.2MB; decom candidate (rule 1) once pipelines/deps known; pipelines: MagiqOffice (last 2022-10-25); skipped by Chase 2026-10-01 (branch feature/update-readme-moved-to-github suggests already on GitHub)
52,MagiqSDK,magiq-ado,https://dev.azure.com/MAGIQSoftware/MagiqSDK/_git/MagiqSDK,2023-12-23,Chase Ramone,0,false,false,unknown,private,Chase Ramone,stale,pending,not-started,,,,,project=MagiqSDK; 10.7MB; decom candidate (rule 1) once pipelines/deps known
53,Media,magiq-ado,https://dev.azure.com/MAGIQSoftware/Media/_git/Media,,,0,false,false,unknown,private,Chase Ramone,stale,decommission,not-started,,,,,project=Media; Empty repo - nothing to migrate; needs Chase confirm
54,Trinity,magiq-ado,https://dev.azure.com/MAGIQSoftware/Trinity/_git/Trinity,,,0,false,false,unknown,private,Chase Ramone,deprecated,decommission,in-progress,,not-required,,,project=Trinity; Empty repo - nothing to migrate; needs Chase confirm. This was a project Trevor Dykstra provisioned and is no longer needed.; decom confirmed by Chase 2026-10-02
55,UIComponents,magiq-ado,https://dev.azure.com/MAGIQSoftware/UIComponents/_git/UIComponents,,,0,false,false,unknown,private,Chase Ramone,stale,decommission,not-started,,,,,project=UIComponents; Empty repo - nothing to migrate; needs Chase confirm
56,WPF,magiq-ado,https://dev.azure.com/MAGIQSoftware/UIComponents/_git/WPF,2019-05-30,chaser,0,false,false,unknown,private,Chase Ramone,stale,pending,not-started,,,,,project=UIComponents; 1.7MB; decom candidate (rule 1) once pipelines/deps known
57,Mobile,magiq-ado,https://dev.azure.com/MAGIQSoftware/Mobile/_git/Mobile,2026-09-12,Chase Ramone,0,false,false,unknown,private,,active,pending,not-started,,,,,"project=Mobile; 43.3MB; active on sso-mk2* branches (Chase, 29 commits); main last 2024-02-22 Steven Thompson; owner TBD (not Chase)"
58,MobileMaui,magiq-ado,https://dev.azure.com/MAGIQSoftware/Mobile/_git/MobileMaui,2024-02-16,Chase Ramone,0,false,false,unknown,private,Chase Ramone,stale,decommission,not-started,,,,,"project=Mobile; 1.0MB; 9 Chase commits (main, feature/maui-app-accelerator); decommission needs Chase written confirm"
59,$/Applications,infoxpert-ado,https://infoxpert.visualstudio.com/Applications/_versionControl,2016-07-27,Chase Ramone,0,false,false,unknown,private,Chase Ramone,stale,pending,not-started,,,,,project=Applications; decom candidate (rule 1); TFVC
60,$/Conversion Tools,infoxpert-ado,https://infoxpert.visualstudio.com/Conversion%20Tools/_versionControl,2017-03-20,Chase Ramone,0,false,false,unknown,private,Chase Ramone,stale,pending,not-started,,,,,project=Conversion Tools; decom candidate (rule 1); TFVC; possibly superseded by MAGIQSoftware/Conversion
61,$/Document Navigator,infoxpert-ado,https://infoxpert.visualstudio.com/Document%20Navigator/_versionControl,2017-05-17,Andrew Vitu,0,false,false,unknown,private,Chase Ramone,stale,pending,not-started,,,,,project=Document Navigator; decom candidate (rule 1); TFVC; last author Andrew Vitu
62,$/Documents Client API,infoxpert-ado,https://infoxpert.visualstudio.com/Documents%20Client%20API/_versionControl,2017-03-08,Chase Ramone,0,false,false,unknown,private,Chase Ramone,stale,pending,not-started,,,,,project=Documents Client API; decom candidate (rule 1); TFVC; overlaps MAGIQ Client Api
63,$/Enterprise Connector,infoxpert-ado,https://infoxpert.visualstudio.com/Enterprise%20Connector/_versionControl,2023-05-31,Chase Ramone,0,false,false,unknown,private,Chase Ramone,stale,pending,not-started,,,,,project=Enterprise Connector; decom candidate (rule 1); TFVC; last commit 2023 - confirm if deployed/in use
64,Foundation,infoxpert-ado,https://infoxpert.visualstudio.com/Foundation/_git/Foundation,,,0,false,false,unknown,private,Chase Ramone,stale,decommission,decommissioned,,not-required,,,project=Foundation; Git repo EMPTY - nothing to archive; needs Chase confirm; decom confirmed by Chase 2026-10-02
65,$/InfoXpert,infoxpert-ado,https://infoxpert.visualstudio.com/InfoXpert/_versionControl,2017-08-17,Andrew Vitu,0,false,false,unknown,private,Chase Ramone,stale,pending,not-started,,,,,project=InfoXpert; decom candidate (rule 1); TFVC; last author Andrew Vitu
66,$/InfoXpert Legacy,infoxpert-ado,https://infoxpert.visualstudio.com/InfoXpert%20Legacy/_versionControl,2026-09-09,Chase Ramone,0,false,false,unknown,private,Chase Ramone,active,update-then-migrate,not-started,,,,,project=InfoXpert Legacy; TFVC; commits Sep-2026 - convert to git
67,$/Licensing,infoxpert-ado,https://infoxpert.visualstudio.com/Licensing/_versionControl,2017-12-06,Chase Ramone,0,true,false,unknown,private,Chase Ramone,stale,pending,not-started,,,,,"project=Licensing; decom candidate (rule 1); TFVC; 1 build def (Build Licensing), never run; dup of MAGIQ Licensing?"
68,$/MAGIQ Client Api,infoxpert-ado,https://infoxpert.visualstudio.com/MAGIQ%20Client%20Api/_versionControl,2017-06-09,Chase Ramone,0,false,false,unknown,private,Chase Ramone,stale,pending,not-started,,,,,project=MAGIQ Client Api; decom candidate (rule 1); TFVC; overlaps Documents Client API
69,MAGIQ Conversion,infoxpert-ado,https://infoxpert.visualstudio.com/MAGIQ%20Conversion/_git/MAGIQ%20Conversion,2017-10-21,Chase Ramone,0,false,false,unknown,private,Chase Ramone,stale,pending,not-started,,,,,project=MAGIQ Conversion; decom candidate (rule 1); Git 6.2MB; possibly superseded by MAGIQSoftware/Conversion
70,$/MAGIQ Documents,infoxpert-ado,https://infoxpert.visualstudio.com/MAGIQ%20Documents/_versionControl,2017-07-11,Chase Ramone,0,false,false,unknown,private,Chase Ramone,stale,pending,not-started,,,,,project=MAGIQ Documents; decom candidate (rule 1); TFVC; possibly superseded by MAGIQSoftware/Documents
71,$/MAGIQ Extensions,infoxpert-ado,https://infoxpert.visualstudio.com/MAGIQ%20Extensions/_versionControl,2017-06-16,Chase Ramone,0,false,false,unknown,private,Chase Ramone,stale,pending,not-started,,,,,project=MAGIQ Extensions; decom candidate (rule 1); TFVC; likely origin of MAGIQ feed pkgs (R-001) - check before decom
72,$/MAGIQ Infrastructure,infoxpert-ado,https://infoxpert.visualstudio.com/MAGIQ%20Infrastructure/_versionControl,2017-06-16,Chase Ramone,0,false,false,unknown,private,Chase Ramone,stale,pending,not-started,,,,,project=MAGIQ Infrastructure; decom candidate (rule 1); TFVC
73,$/MAGIQ Licensing,infoxpert-ado,https://infoxpert.visualstudio.com/MAGIQ%20Licensing/_versionControl,2017-10-04,Chase Ramone,0,false,false,unknown,private,Chase Ramone,stale,pending,not-started,,,,,project=MAGIQ Licensing; decom candidate (rule 1); TFVC; dup of Licensing?
74,$/MAGIQ Software,infoxpert-ado,https://infoxpert.visualstudio.com/MAGIQ%20Software/_versionControl,2017-03-08,Chase Ramone,0,false,false,unknown,private,Chase Ramone,stale,pending,not-started,,,,,project=MAGIQ Software; decom candidate (rule 1); TFVC
75,$/Support Tools,infoxpert-ado,https://infoxpert.visualstudio.com/Support%20Tools/_versionControl,2026-09-09,Chase Ramone,0,false,false,unknown,private,Chase Ramone,active,update-then-migrate,not-started,,,,,project=Support Tools; TFVC; commits Sep-2026 - convert to git
76,All Projects Overview,magiq-ado,https://dev.azure.com/MAGIQSoftware/All%20Projects%20Overview/_git/All%20Projects%20Overview,,,0,false,false,unknown,private,,stale,decommission,not-started,,,,,project=All Projects Overview; Empty repo - nothing to migrate; needs Chase confirm
77,Data Platform Overview,magiq-ado,https://dev.azure.com/MAGIQSoftware/Data%20Platform%20Overview/_git/Data%20Platform%20Overview,,,0,false,false,unknown,private,,stale,decommission,not-started,,,,,project=Data Platform Overview; Empty repo - nothing to migrate; needs Chase confirm
78,Automation,magiq-ado,https://dev.azure.com/MAGIQSoftware/Deployment/_git/Automation,2022-02-01,Ary Winata,0,false,false,unknown,private,,stale,pending,not-started,,,,,project=Deployment; 1.1MB; decom candidate (rule 1) once pipelines/deps known
79,Deployment,magiq-ado,https://dev.azure.com/MAGIQSoftware/Deployment/_git/Deployment,,,0,false,false,unknown,private,,stale,decommission,not-started,,,,,project=Deployment; Empty repo - nothing to migrate; needs Chase confirm
80,Documentation,magiq-ado,https://dev.azure.com/MAGIQSoftware/Documentation/_git/Documentation,2022-09-09,Tom Fenton,0,false,false,unknown,private,,stale,pending,not-started,,,,,project=Documentation; 9.8MB; decom candidate (rule 1) once pipelines/deps known
81,Performance Documentation,magiq-ado,https://dev.azure.com/MAGIQSoftware/Documentation/_git/Performance%20Documentation,2022-06-02,Karen Barton,0,false,false,unknown,private,,stale,pending,not-started,,,,,project=Documentation; 3.5MB; decom candidate (rule 1) once pipelines/deps known
82,Engagement,magiq-ado,https://dev.azure.com/MAGIQSoftware/Engagement/_git/Engagement,,,0,true,false,unknown,private,,stale,pending,not-started,,,,,project=Engagement; 15.8MB; Repo DISABLED in ADO; pipelines: Engagement (last never)
83,Enterprise,magiq-ado,https://dev.azure.com/MAGIQSoftware/Enterprise/_git/Enterprise,,,0,false,false,unknown,private,,stale,decommission,not-started,,,,,project=Enterprise; Empty repo - nothing to migrate; needs Chase confirm
84,Harbour Test,magiq-ado,https://dev.azure.com/MAGIQSoftware/Harbour%20Test/_git/Harbour%20Test,,,0,false,false,unknown,private,,stale,decommission,not-started,,,,,project=Harbour Test; Empty repo - nothing to migrate; needs Chase confirm
85,InfoRouter,magiq-ado,https://dev.azure.com/MAGIQSoftware/InfoRouter/_git/InfoRouter,,,0,false,false,unknown,private,,stale,decommission,not-started,,,,,project=InfoRouter; Empty repo - nothing to migrate; needs Chase confirm
86,PartsUnlimited,magiq-ado,https://dev.azure.com/MAGIQSoftware/KarensTestProject/_git/PartsUnlimited,2019-09-30,Akshay H,2,true,false,unknown,private,,deprecated,decommission,not-started,,,,,project=KarensTestProject; 8.7MB; ADO Demo Generator sample (PartsUnlimited); needs Chase confirm; 2 open PR(s) - close/abandon before migration; pipelines: PartsUnlimitedE2E (last never); project has 1 release def(s)
87,MAGIQ Auth Plus,magiq-ado,https://dev.azure.com/MAGIQSoftware/MAGIQ%20Auth%20Plus/_git/MAGIQ%20Auth%20Plus,2022-08-31,Tom Fenton,0,false,false,unknown,private,,stale,pending,not-started,,,,,project=MAGIQ Auth Plus; 3.9MB; decom candidate (rule 1) once pipelines/deps known
88,enterprise-image-builder,magiq-ado,https://dev.azure.com/MAGIQSoftware/MAGIQ%20Cloud/_git/enterprise-image-builder,2022-07-14,Tom Fenton,0,false,false,unknown,private,,stale,pending,not-started,,,,,project=MAGIQ Cloud; 0.0MB; decom candidate (rule 1) once pipelines/deps known
89,MAGIQ-Auth-IaC,magiq-ado,https://dev.azure.com/MAGIQSoftware/MAGIQ%20Cloud/_git/MAGIQ-Auth-IaC,2024-09-10,Tom Fenton,0,false,false,unknown,private,,stale,pending,not-started,,,,,project=MAGIQ Cloud; 0.1MB; decom candidate (rule 1) once pipelines/deps known
90,MAGIQ-Organization,magiq-ado,https://dev.azure.com/MAGIQSoftware/MAGIQ%20Cloud/_git/MAGIQ-Organization,2023-08-31,Tom Fenton,6,false,false,unknown,private,,stale,pending,not-started,,,,,project=MAGIQ Cloud; 0.1MB; decom candidate (rule 1) once pipelines/deps known; 6 open PR(s) - close/abandon before migration
91,magiq-waf-cdk,magiq-ado,https://dev.azure.com/MAGIQSoftware/MAGIQ%20Cloud/_git/magiq-waf-cdk,2021-09-25,Tom Fenton,0,false,false,unknown,private,,stale,pending,not-started,,,,,project=MAGIQ Cloud; 0.2MB; decom candidate (rule 1) once pipelines/deps known
92,managed-services,magiq-ado,https://dev.azure.com/MAGIQSoftware/MAGIQ%20Cloud/_git/managed-services,,,0,false,false,unknown,private,,stale,pending,not-started,,,,,project=MAGIQ Cloud; 0.0MB; Repo DISABLED in ADO
93,online-image-builder,magiq-ado,https://dev.azure.com/MAGIQSoftware/MAGIQ%20Cloud/_git/online-image-builder,2022-07-14,Tom Fenton,1,false,false,unknown,private,,stale,pending,not-started,,,,,project=MAGIQ Cloud; 0.0MB; decom candidate (rule 1) once pipelines/deps known; 1 open PR(s) - close/abandon before migration
94,perfdocs-image-builder,magiq-ado,https://dev.azure.com/MAGIQSoftware/MAGIQ%20Cloud/_git/perfdocs-image-builder,2022-07-12,Tom Fenton,0,false,false,unknown,private,,stale,pending,not-started,,,,,project=MAGIQ Cloud; 0.0MB; decom candidate (rule 1) once pipelines/deps known
95,performance-image-builder,magiq-ado,https://dev.azure.com/MAGIQSoftware/MAGIQ%20Cloud/_git/performance-image-builder,2022-05-24,Shaun Foley,2,false,false,unknown,private,,stale,pending,not-started,,,,,project=MAGIQ Cloud; 0.1MB; decom candidate (rule 1) once pipelines/deps known; 2 open PR(s) - close/abandon before migration
96,PowerShell-Tools,magiq-ado,https://dev.azure.com/MAGIQSoftware/MAGIQ%20Cloud/_git/PowerShell-Tools,2021-11-14,Tom Fenton,0,false,false,unknown,private,,stale,pending,not-started,,,,,project=MAGIQ Cloud; 0.0MB; decom candidate (rule 1) once pipelines/deps known
97,zzz-MAGIQ-Cloud-IaC,magiq-ado,https://dev.azure.com/MAGIQSoftware/MAGIQ%20Cloud/_git/zzz-MAGIQ-Cloud-IaC,,,0,true,false,unknown,private,,deprecated,pending,not-started,,,,,project=MAGIQ Cloud; 4.6MB; Repo DISABLED in ADO
98,MAGIQ Onboarding,magiq-ado,https://dev.azure.com/MAGIQSoftware/MAGIQ%20Onboarding/_git/MAGIQ%20Onboarding,,,0,false,false,unknown,private,,unknown,decommission,skipped,,,,,project=MAGIQ Onboarding; Empty repo - nothing to migrate
99,MAGIQ Projects,magiq-ado,https://dev.azure.com/MAGIQSoftware/MAGIQ%20Projects/_git/MAGIQ%20Projects,,,0,false,false,unknown,private,,stale,decommission,not-started,,,,,project=MAGIQ Projects; Empty repo - nothing to migrate; needs Chase confirm
100,MAGIQ Security,magiq-ado,https://dev.azure.com/MAGIQSoftware/MAGIQ%20Security/_git/MAGIQ%20Security,,,0,false,false,unknown,private,,stale,decommission,not-started,,,,,project=MAGIQ Security; Empty repo - nothing to migrate; needs Chase confirm
101,AuthUtility,magiq-ado,https://dev.azure.com/MAGIQSoftware/MagiqAuth/_git/AuthUtility,2020-02-23,Jack Della,0,false,false,unknown,private,,stale,pending,not-started,,,,,project=MagiqAuth; 0.0MB; decom candidate (rule 1) once pipelines/deps known
102,MAGIQ Auth Server,magiq-ado,https://dev.azure.com/MAGIQSoftware/MagiqAuth/_git/MAGIQ%20Auth%20Server,2020-06-04,Ethan Hayati,0,false,false,unknown,private,,stale,pending,not-started,,,,,project=MagiqAuth; 0.0MB; decom candidate (rule 1) once pipelines/deps known
103,Magiq Portal,magiq-ado,https://dev.azure.com/MAGIQSoftware/MagiqAuth/_git/Magiq%20Portal,2018-03-27,Ethan Hayati,0,false,false,unknown,private,,stale,pending,not-started,,,,,project=MagiqAuth; 1.5MB; decom candidate (rule 1) once pipelines/deps known
104,MagiqAuth,magiq-ado,https://dev.azure.com/MAGIQSoftware/MagiqAuth/_git/MagiqAuth,2022-08-31,Tom Fenton,0,false,false,unknown,private,,stale,pending,not-started,,,,,project=MagiqAuth; 6.9MB; decom candidate (rule 1) once pipelines/deps known
105,documents,magiq-ado,https://dev.azure.com/MAGIQSoftware/Mobile/_git/documents,2021-02-18,Jack Della,0,false,false,unknown,private,,stale,pending,not-started,,,,,project=Mobile; 0.5MB; decom candidate (rule 1) once pipelines/deps known
106,Engagement,magiq-ado,https://dev.azure.com/MAGIQSoftware/Mobile/_git/Engagement,2021-12-08,Ethan Hayati,0,true,false,unknown,private,,stale,pending,not-started,,,,,"project=Mobile; 18.5MB; decom candidate (rule 1) once pipelines/deps known; pipelines: Engagement (last never), Engagement Deploy Elastic Beanstalk (last 2021-12-01)"
107,packages,magiq-ado,https://dev.azure.com/MAGIQSoftware/Mobile/_git/packages,2020-03-15,Jack Della,0,false,false,unknown,private,,stale,pending,not-started,,,,,project=Mobile; 0.2MB; decom candidate (rule 1) once pipelines/deps known
108,Rss,magiq-ado,https://dev.azure.com/MAGIQSoftware/Mobile/_git/Rss,2020-01-19,Jack Della,0,false,false,unknown,private,,stale,pending,not-started,,,,,project=Mobile; 0.0MB; decom candidate (rule 1) once pipelines/deps known
109,ssh,magiq-ado,https://dev.azure.com/MAGIQSoftware/Mobile/_git/ssh,2021-02-14,Jack Della,0,false,false,unknown,private,,stale,pending,not-started,,,,,project=Mobile; 0.1MB; decom candidate (rule 1) once pipelines/deps known
110,LEGACY -DO NOT USE- Performance,magiq-ado,https://dev.azure.com/MAGIQSoftware/Performance/_git/LEGACY%20-DO%20NOT%20USE-%20Performance,2024-03-17,Mark Morrison,4,true,false,unknown,private,,deprecated,pending,not-started,,,,,"project=Performance; 3679.2MB; Name marks it obsolete/legacy; 4 open PR(s) - close/abandon before migration; 3.6GB - check GitHub size/large-file limits; pipelines: Performance Multi Tenancy (last 2024-03-17), Performance Test (last 2024-03-17), Scheduled Work Item Queries (last never), Performance Azure Build (last 2024-03-20); project has 3 release def(s)"
111,Publisher Cloud Authentication,magiq-ado,https://dev.azure.com/MAGIQSoftware/Publisher%20Cloud%20Authentication/_git/Publisher%20Cloud%20Authentication,2020-06-04,Andrew Thomas,0,false,false,unknown,private,,stale,pending,not-started,,,,,project=Publisher Cloud Authentication; 0.0MB; decom candidate (rule 1) once pipelines/deps known
112,SAAS - MultiTenancy,magiq-ado,https://dev.azure.com/MAGIQSoftware/SAAS%20-%20MultiTenancy/_git/SAAS%20-%20MultiTenancy,,,0,false,false,unknown,private,,stale,decommission,not-started,,,,,project=SAAS - MultiTenancy; Empty repo - nothing to migrate; needs Chase confirm
113,Teams Integration,magiq-ado,https://dev.azure.com/MAGIQSoftware/Teams%20Integration/_git/Teams%20Integration,2021-04-01,Jack Della,0,false,false,unknown,private,,stale,pending,not-started,,,,,project=Teams Integration; 1.1MB; decom candidate (rule 1) once pipelines/deps known
