project,last_updated,description
All Projects Overview,2020-03-03,Nicks overview of all projects
Cloud Storage Gateway,2020-01-21,The cloud storage gateway used for storing and managing files on the cloud
Conversion,2020-02-24,
Data Platform Overview,2020-07-23,This can be used for testing purposes
Demo,2020-12-01,
Deployment,2019-06-19,Deployment and Automation
Documentation,2020-06-05,"Repository for Documentation, release notes and resources."
Documents,2026-04-15,MAGIQ Documents Application and Services
Engagement,2025-09-11,The MAGIQ Engagement Platform
Enterprise,2025-12-18,
Extensions,2020-01-21,Extension services for applications which don't suit any one application.
Harbour Test,2026-07-10,"Harbour Software - Doc Assembler, Docs on Tap"
InfoRouter,2020-03-03,Bugs and Enhancements (Roadmap items) for infoRouter
KarensTestProject,2020-07-31,Generated by Azure DevOps Demo Generator
Licensing,2019-11-14,
MAGIQ Auth Plus,2020-03-25,
MAGIQ Cloud,2022-09-05,
MAGIQ Onboarding,2022-05-06,This area is for onboarding new team members into our organisation.
MAGIQ PowerShell,2022-07-28,MAGIQ Specific PowerShell Modules
MAGIQ Projects,2025-01-06,
MAGIQ Security,2022-06-26,Cyber security compliance work items (ISO 27001)
Magiq.NetPlatform,2024-07-11,
MagiqAuth,2019-11-17,
MagiqOffice,2020-01-21,Provides application services for helping with Only Office Integrations.
MagiqSDK,2021-02-11,SDK for connecting to magiq services and api's.
Media,2026-03-27,MAGIQ Media Management system.
Mobile,2023-02-06,Mobile Application for the MAGIQ Cloud platform.
Performance,2025-02-03,
Publisher Cloud Authentication,2020-06-04,
SAAS - MultiTenancy,2021-05-24,
Teams Integration,2020-10-01,MAGIQ Documents web app for MS Teams + UWP Azure AD app saving chat logs to Enterprise connector
Trinity,2021-05-05,MAGIQ Documents Media Management
UIComponents,2019-05-30,UI Components
